{
  "experiment_id": "exp_005_svr",
  "model": "SVR",
  "timestamp": "2026-04-30T10:05:24.212395",
  "training_time_seconds": 1.902397871017456,
  "performance": {
    "train_mae": 0.009989264150975296,
    "train_rmse": 0.010054525336926669,
    "val_mae": 0.16460785977461365,
    "val_rmse": 0.20498517900002503,
    "test_mae": 0.16109919258740255,
    "test_rmse": 0.20383349463535902
  }
}