{
  "experiment_id": "exp_006_ridge",
  "model": "Ridge",
  "timestamp": "2026-04-30T10:22:19.090164",
  "training_time_seconds": 0.009069681167602539,
  "performance": {
    "train_mae": 0.1517476771328904,
    "train_rmse": 0.18897861670255298,
    "val_mae": 0.15097131928023624,
    "val_rmse": 0.18762855448731258,
    "test_mae": 0.14786391290444614,
    "test_rmse": 0.1862412113438277
  },
  "n_features": 88
}