{
  "experiment_id": "exp_022_xgboost_optuna",
  "model": "XGBoost",
  "timestamp": "2026-04-30T14:32:55.136465",
  "training_time_seconds": 7.309607982635498,
  "performance": {
    "train_mae": 0.0073559280159722325,
    "train_rmse": 0.013612329929728889,
    "val_mae": 0.007385289197311199,
    "val_rmse": 0.011798221520270026,
    "test_mae": 0.008722865165894123,
    "test_rmse": 0.016668450887825873
  },
  "best_params": {
    "learning_rate": 0.029645738755503193,
    "max_depth": 5,
    "subsample": 0.852261909450781,
    "colsample_bytree": 0.9998721277231087,
    "reg_alpha": 1.7744576190545682,
    "reg_lambda": 5.826340623031768,
    "min_child_weight": 3,
    "gamma": 0.05332673944037472
  },
  "data_type": "real_data_optuna"
}