{
  "experiment_id": "exp_012_gradientboosting",
  "model": "GradientBoosting",
  "timestamp": "2026-04-30T10:23:47.962177",
  "training_time_seconds": 41.75551104545593,
  "performance": {
    "train_mae": 0.10192403505946078,
    "train_rmse": 0.12595128760592983,
    "val_mae": 0.15328142817417836,
    "val_rmse": 0.19164236775403198,
    "test_mae": 0.1510913553208115,
    "test_rmse": 0.19026541891934817
  }
}