{
  "experiment_id": "exp_001_ridge",
  "model": "Ridge",
  "timestamp": "2026-04-30T10:03:14.502938",
  "training_time_seconds": 0.004133939743041992,
  "performance": {
    "train_mae": 0.15174767713289042,
    "train_rmse": 0.188978616702553,
    "val_mae": 0.1509713192802363,
    "val_rmse": 0.18762855448731253,
    "test_mae": 0.1478639129044461,
    "test_rmse": 0.18624121134382765
  },
  "n_features": 88
}