{
  "experiment_id": "exp_010_lightgbm",
  "model": "LightGBM",
  "timestamp": "2026-04-30T10:22:56.942808",
  "training_time_seconds": 0.4353940486907959,
  "performance": {
    "train_mae": 0.1390880170453251,
    "train_rmse": 0.17362361750520638,
    "val_mae": 0.15104162099807378,
    "val_rmse": 0.18836093699767237,
    "test_mae": 0.15054727703762008,
    "test_rmse": 0.1896288799233725
  },
  "n_features": 88
}