{
  "experiment_id": "exp_013_randomforest",
  "model": "RandomForest",
  "timestamp": "2026-04-30T10:23:56.516956",
  "training_time_seconds": 8.451637029647827,
  "performance": {
    "train_mae": 0.059010092770251425,
    "train_rmse": 0.0735313699551089,
    "val_mae": 0.15157747767911461,
    "val_rmse": 0.1889569524863059,
    "test_mae": 0.14958581638475837,
    "test_rmse": 0.1889862126114846
  }
}